X_0_0,X_0_1,X_0_2,X_0_3,Y_0_0,Y_0_1,Y_0_2,Y_0_3,decay_0,decay_1,W_0,W_1,J_0,guessed_decay_0,guessed_decay_1,guessed_decay_2,guessed_decay_3,guessed_decay_4,guessed_decay_5,guessed_decay_6,guessed_decay_7,guessed_decay_8,guessed_decay_9,guessed_W_0,guessed_W_1,guessed_W_2,guessed_W_3,guessed_W_4,guessed_W_5,guessed_W_6,guessed_W_7,guessed_W_8,guessed_W_9,guessed_J_0,guessed_J_1,guessed_J_2,guessed_J_3,guessed_J_4,guessed_J_5,guessed_J_6,guessed_J_7,guessed_J_8,guessed_J_9
0.12890625,-0.048828125,0.12890625,-0.048828125,-0.021484375,0.181640625,-0.021484375,0.181640625,2.4728284311040185,3.0085887400843605,-2.6553614803714063,1.6017648444405548,-2.7885366415820254,2.089511534302846,2.8220643792687325,-5.601591400702083,-1.5307940275427057,4.028662614151309
0.14453125,0.0234375,0.14453125,0.0234375,0.01171875,-0.173828125,0.01171875,-0.173828125,3.008656985554463,3.1341656599458787,1.5815236243078254,-1.6523683567585319,2.098586260416123,3.4869342794952023,3.8690909972327217,2.9289915560183912,-0.18053405815837925,4.6629821034883435e-05
0.134765625,0.251953125,0.134765625,0.251953125,0.251953125,0.099609375,0.251953125,0.099609375,2.724707432811258,2.755529737228015,-0.33079429453435116,-1.7148330439584167,-1.0454865575801595,2.1276097557255547,2.0205703437431013,0.48147559210645186,-0.9116472420717789,-2.679532565335684
-0.22265625,0.197265625,-0.22265625,0.197265625,-0.146484375,-0.103515625,-0.146484375,-0.103515625,2.7130007582503834,3.0360711021774898,-0.0977588788523796,3.9634598672432513,2.322945653723124,2.4610621102389016,2.1022468393152622,-0.40055293564081984,3.6861311815777764,2.8150233797379256
0.185546875,0.021484375,0.185546875,0.021484375,-0.162109375,0.205078125,-0.162109375,0.205078125,3.076504041476436,2.6110411963665534,-3.316096084597071,1.376001208902243,-0.9740378670986154,3.2129128213991116,2.840236174667408,-2.898886731588415,1.3863959369460501,-0.00013774844564633788
