X_0_0,X_0_1,X_0_2,X_0_3,Y_0_0,Y_0_1,Y_0_2,Y_0_3,decay_0,decay_1,W_0,W_1,J_0,guessed_decay_0,guessed_decay_1,guessed_decay_2,guessed_decay_3,guessed_decay_4,guessed_decay_5,guessed_decay_6,guessed_decay_7,guessed_decay_8,guessed_decay_9,guessed_W_0,guessed_W_1,guessed_W_2,guessed_W_3,guessed_W_4,guessed_W_5,guessed_W_6,guessed_W_7,guessed_W_8,guessed_W_9,guessed_J_0,guessed_J_1,guessed_J_2,guessed_J_3,guessed_J_4,guessed_J_5,guessed_J_6,guessed_J_7,guessed_J_8,guessed_J_9
0.234375,0.0703125,0.234375,0.0703125,-0.056640625,0.134765625,-0.056640625,0.134765625,3.2076515636795007,2.704955000729586,-1.8906524842952086,0.5969479795974725,-0.3587459736280297,3.7710048482853877,2.8461519784428404,-2.2569186568362567,0.519455152763992,0.0003292318505911866
0.02734375,0.177734375,0.02734375,0.177734375,0.2265625,0.052734375,0.2265625,0.052734375,3.220582958422268,3.1430896199752985,0.6886911093245146,-1.8040749414060515,-1.6355313911174592,1.7694166786688934,1.3538853201633485,1.6262214104789112,-0.7025588649339233,-4.420290168049835
0.052734375,0.16796875,0.052734375,0.16796875,0.205078125,-0.06640625,0.205078125,-0.06640625,3.0682862608656425,3.0688003998883,1.6331856267412932,-1.6058040342219062,-2.574246793740707,2.617331633873285,2.299303420565858,2.424957928856427,-0.9557427056775339,-3.354364243448265
0.08203125,0.078125,0.08203125,0.078125,0.07421875,0.029296875,0.07421875,0.029296875,3.1137266271569795,2.8949551086931256,2.3819040507591445,0.5416481282849558,-4.36100769249879,4.976019269139488,4.408094552640925,-0.7502457013895256,-1.4866559236586852,-0.00011621010894962439
0.16796875,0.140625,0.16796875,0.140625,0.16796875,-0.11328125,0.16796875,-0.11328125,3.1295388938369424,2.974223544792847,0.6714121752129503,-1.4190516699297289,0.3161645344448319,3.27764208190153,2.7291504459161118,0.6266406393559564,-2.338947546256867,1.5083866773554984
