X_0_0,X_0_1,X_0_2,X_0_3,Y_0_0,Y_0_1,Y_0_2,Y_0_3,decay_0,decay_1,W_0,W_1,J_0,guessed_decay_0,guessed_decay_1,guessed_decay_2,guessed_decay_3,guessed_decay_4,guessed_decay_5,guessed_decay_6,guessed_decay_7,guessed_decay_8,guessed_decay_9,guessed_W_0,guessed_W_1,guessed_W_2,guessed_W_3,guessed_W_4,guessed_W_5,guessed_W_6,guessed_W_7,guessed_W_8,guessed_W_9,guessed_J_0,guessed_J_1,guessed_J_2,guessed_J_3,guessed_J_4,guessed_J_5,guessed_J_6,guessed_J_7,guessed_J_8,guessed_J_9
-0.072265625,-0.029296875,-0.072265625,-0.029296875,0.166015625,0.171875,0.166015625,0.171875,2.76497910447122,2.8509425611298274,-2.7863421063074583,-3.3830851120973864,-1.3993019467084808,3.086989878904939,3.0113531758375123,-4.737302058328575,-5.2065504456435,2.464869218499457
0.09765625,0.212890625,0.09765625,0.212890625,-0.1953125,-0.185546875,-0.1953125,-0.185546875,2.913684454860044,2.9782340526730233,1.1745684272218748,2.1429153690141587,0.5307583417444441,2.395931768960774,2.9102785101608086,0.7193933650329876,1.5073823944790623,1.4423224769288183
0.146484375,0.1796875,0.146484375,0.1796875,-0.126953125,0.048828125,-0.126953125,0.048828125,3.019362260732641,2.943433102243786,-1.0131400015843741,1.2998924733362855,0.4632263877795977,3.3639725845480366,3.2833986231962937,-0.5280059965804348,1.428461296385708,-0.00011988470688755815
0.033203125,0.044921875,0.033203125,0.044921875,-0.00390625,0.05078125,-0.00390625,0.05078125,3.000482042320059,2.890647374273539,1.0296553880106178,-0.2189970159831836,-5.581109892375687,2.1296110785523354,3.7373905973798043,-4.618138514881642,-1.630014059994743,5.494647990798442
0.033203125,-0.056640625,0.033203125,-0.056640625,0.09375,0.19921875,0.09375,0.19921875,2.9377049360077065,3.0016743847649594,-1.5554573611994267,-0.8740991680570376,-3.15839433112731,2.3162981628879677,3.784763271329306,-5.419477902805487,-4.085336440399301,3.4030114725013814
