X_0_0,X_0_1,X_0_2,X_0_3,Y_0_0,Y_0_1,Y_0_2,Y_0_3,decay_0,decay_1,W_0,W_1,J_0,guessed_decay_0,guessed_decay_1,guessed_decay_2,guessed_decay_3,guessed_decay_4,guessed_decay_5,guessed_decay_6,guessed_decay_7,guessed_decay_8,guessed_decay_9,guessed_W_0,guessed_W_1,guessed_W_2,guessed_W_3,guessed_W_4,guessed_W_5,guessed_W_6,guessed_W_7,guessed_W_8,guessed_W_9,guessed_J_0,guessed_J_1,guessed_J_2,guessed_J_3,guessed_J_4,guessed_J_5,guessed_J_6,guessed_J_7,guessed_J_8,guessed_J_9
0.123046875,0.107421875,0.123046875,0.107421875,0.1171875,0.119140625,0.1171875,0.119140625,2.9003636709920824,3.1929710751598783,0.8829775261714605,0.43298658729785905,-3.3645958447548967,2.4013055643787675,2.2861941607879945,-3.689710627488691,-3.5377921196799655,4.034832799960776
0.130859375,0.2578125,0.130859375,0.2578125,0.1484375,0.052734375,0.1484375,0.052734375,2.7411732782775173,3.1413902623597707,-0.41500441381362685,-1.603287636307297,-0.32476456965648653,2.701726600376288,3.298298541562546,-0.40335751383311813,-1.7598948894938082,-5.333784990593922e-06
0.1015625,0.166015625,0.1015625,0.166015625,-0.1171875,0.0703125,-0.1171875,0.0703125,3.367716393385302,3.224573973288271,-0.986167992247237,1.229663251088239,0.9438221743381771,3.4420706348462584,3.7493565159053097,-0.8350070948275172,1.7664322883418766,-5.156947397521897e-05
0.119140625,0.15234375,0.119140625,0.15234375,0.103515625,-0.125,0.103515625,-0.125,2.5854142125303685,3.233834667611878,2.699722442496757,-0.4122585949089219,-2.6089240331323342,2.336747760184743,2.7810810635638408,-0.4244616119787781,-3.15272163657897,3.537203679177554
0.158203125,0.005859375,0.158203125,0.005859375,-0.09375,-0.18359375,-0.09375,-0.18359375,3.2428182352388433,3.325666265852513,2.380622762843982,0.5056861721060223,1.2097767563341528,2.93831990260741,2.93592239463259,1.808302486136022,-0.22209279309929034,2.586162747970765
