X_0_0,X_0_1,X_0_2,X_0_3,Y_0_0,Y_0_1,Y_0_2,Y_0_3,decay_0,decay_1,W_0,W_1,J_0,guessed_decay_0,guessed_decay_1,guessed_decay_2,guessed_decay_3,guessed_decay_4,guessed_decay_5,guessed_decay_6,guessed_decay_7,guessed_decay_8,guessed_decay_9,guessed_W_0,guessed_W_1,guessed_W_2,guessed_W_3,guessed_W_4,guessed_W_5,guessed_W_6,guessed_W_7,guessed_W_8,guessed_W_9,guessed_J_0,guessed_J_1,guessed_J_2,guessed_J_3,guessed_J_4,guessed_J_5,guessed_J_6,guessed_J_7,guessed_J_8,guessed_J_9
0.154296875,0.064453125,0.154296875,0.064453125,-0.16796875,-0.23828125,-0.16796875,-0.23828125,3.0038715984739848,2.883349741209586,2.6509273944810734,1.4772897268855447,0.5223618564397126,2.806994575057411,2.9666330222837196,2.623340472386229,1.6531872583918867,8.762214854660117e-06
0.166015625,0.091796875,0.166015625,0.091796875,-0.01953125,0.060546875,-0.01953125,0.060546875,3.2941650788918757,2.992632082498892,-0.1348833505984429,1.2654842104459059,-2.044152892541906,4.148781509312726,3.311222655593118,-2.1780673194915994,-0.7711836535458328,2.0189806075463506
0.150390625,0.150390625,0.150390625,0.150390625,-0.068359375,0.046875,-0.068359375,0.046875,2.793369300704238,2.881743083323538,0.9283118509018845,2.086252675484412,-2.415506502608433,3.7315186627122494,3.6327486910077726,-0.5559125308213906,0.8291989210627639,-2.8599793326625775e-05
0.138671875,-0.001953125,0.138671875,-0.001953125,-0.134765625,-0.123046875,-0.134765625,-0.123046875,3.2502421060258686,2.4605471623442003,1.4300609127130992,-0.9512189986079147,3.8068609142668035,4.197677787261511,3.2887521967875193,3.2510725601657224,1.5363011743119033,-2.1443522525485016e-05
0.01953125,0.07421875,0.01953125,0.07421875,0.107421875,-0.1484375,0.107421875,-0.1484375,3.227010121879541,3.2894303011397295,2.8017313516024545,-1.6510991857697754,-1.6488451960025068,1.8115860534350385,2.682312170457132,-0.2101585548810089,-4.693798006501351,4.594539486505136
