X_0_0,X_0_1,X_0_2,X_0_3,Y_0_0,Y_0_1,Y_0_2,Y_0_3,decay_0,decay_1,W_0,W_1,J_0,guessed_decay_0,guessed_decay_1,guessed_decay_2,guessed_decay_3,guessed_decay_4,guessed_decay_5,guessed_decay_6,guessed_decay_7,guessed_decay_8,guessed_decay_9,guessed_W_0,guessed_W_1,guessed_W_2,guessed_W_3,guessed_W_4,guessed_W_5,guessed_W_6,guessed_W_7,guessed_W_8,guessed_W_9,guessed_J_0,guessed_J_1,guessed_J_2,guessed_J_3,guessed_J_4,guessed_J_5,guessed_J_6,guessed_J_7,guessed_J_8,guessed_J_9
0.22265625,0.189453125,0.22265625,0.189453125,-0.01953125,0.173828125,-0.01953125,0.173828125,3.019274917352786,3.0665908242550577,-0.6603679877670798,0.5006945331706483,-1.7069051613845272,2.725308838259404,3.0103752345325883,-1.4871688665930636,0.08499316755609727,5.5513902149531045e-05
0.154296875,0.162109375,0.154296875,0.162109375,-0.0078125,-0.068359375,-0.0078125,-0.068359375,3.0424505155599397,3.013809771163728,1.8241552220339419,0.4637171093739969,-1.6598871756099185,2.6268283643514465,2.8867692595610728,-0.9183801534624859,-1.6282983033986762,3.4303257642469256
0.181640625,0.216796875,0.181640625,0.216796875,0.275390625,0.0546875,0.275390625,0.0546875,3.025055785236097,2.637078908495184,-0.3616745706501403,-1.501700725076471,-0.5987811980476201,2.729105697446095,1.9502033699491086,0.5805081149863816,-0.9504063425334339,-2.0240211717922723
0.107421875,0.234375,0.107421875,0.234375,0.02734375,0.126953125,0.02734375,0.126953125,2.414246856703192,3.3902447400186104,0.7819429535390062,1.3085610525215476,-2.9370224623519774,2.6534066046412264,4.456750311755077,-0.9880846787649501,-0.38085343606838645,8.035257578323755e-06
0.162109375,0.17578125,0.162109375,0.17578125,-0.111328125,0.16015625,-0.111328125,0.16015625,2.9345244436876854,2.947801756020536,-1.8929818460034222,0.214575219040063,1.3951044781415454,2.554280248718155,2.935062217343607,-0.3322887820095301,2.2296686160470554,-2.1993029071779198
