X_0_0,X_0_1,X_0_2,X_0_3,Y_0_0,Y_0_1,Y_0_2,Y_0_3,decay_0,decay_1,W_0,W_1,J_0,guessed_decay_0,guessed_decay_1,guessed_decay_2,guessed_decay_3,guessed_decay_4,guessed_decay_5,guessed_decay_6,guessed_decay_7,guessed_decay_8,guessed_decay_9,guessed_W_0,guessed_W_1,guessed_W_2,guessed_W_3,guessed_W_4,guessed_W_5,guessed_W_6,guessed_W_7,guessed_W_8,guessed_W_9,guessed_J_0,guessed_J_1,guessed_J_2,guessed_J_3,guessed_J_4,guessed_J_5,guessed_J_6,guessed_J_7,guessed_J_8,guessed_J_9
0.162109375,0.201171875,0.162109375,0.201171875,-0.158203125,-0.041015625,-0.158203125,-0.041015625,3.1249704412759525,2.9015680058334534,0.7056190655654218,1.5644047025992507,-0.43199045228434285,3.1105620849065794,2.9128832581801327,-0.0013622207066325367,1.0974952853654756,0.9522470023787197
0.138671875,0.05859375,0.138671875,0.05859375,0.08203125,-0.078125,0.08203125,-0.078125,3.104504545119707,3.221642921290135,2.6902856731302554,1.3346003880325346,-3.503610843361086,4.6775749470840955,3.6601997038558185,1.787677332358012,-1.0333435251156629,1.3702360748490337e-05
0.025390625,0.220703125,0.025390625,0.220703125,0.189453125,0.111328125,0.189453125,0.111328125,2.851369765328921,3.0988171498218877,-0.2005816075939029,-2.7077600139651485,-1.1757272415332463,2.803395480454852,3.32336721323686,-0.9231892558203676,-2.9032024832673606,1.2278802409992448e-06
0.171875,-0.0859375,0.171875,-0.0859375,0.009765625,-0.0703125,0.009765625,-0.0703125,3.238343444864773,3.1107643795532245,2.5003436293186216,-1.6729209982914062,3.4625495343749613,3.981608392476636,3.1057874519605013,3.675952434134112,-1.2865333059519477,2.486459912208265
0.1796875,0.21875,0.1796875,0.21875,0.044921875,-0.08984375,0.044921875,-0.08984375,2.628368679107094,3.054915189135091,2.187118664197049,0.07484574258391434,-2.1590722965886826,2.244478331754851,2.7331576447933075,2.2964578053986444,1.021600272298707,-3.030875937542843
