X_0_0,X_0_1,X_0_2,X_0_3,Y_0_0,Y_0_1,Y_0_2,Y_0_3,decay_0,decay_1,W_0,W_1,J_0,guessed_decay_0,guessed_decay_1,guessed_decay_2,guessed_decay_3,guessed_decay_4,guessed_decay_5,guessed_decay_6,guessed_decay_7,guessed_decay_8,guessed_decay_9,guessed_W_0,guessed_W_1,guessed_W_2,guessed_W_3,guessed_W_4,guessed_W_5,guessed_W_6,guessed_W_7,guessed_W_8,guessed_W_9,guessed_J_0,guessed_J_1,guessed_J_2,guessed_J_3,guessed_J_4,guessed_J_5,guessed_J_6,guessed_J_7,guessed_J_8,guessed_J_9
-0.048828125,0.140625,-0.048828125,0.140625,-0.205078125,0.15625,-0.205078125,0.15625,2.9008015999925547,3.0412241670785987,-1.2593755801342579,4.073746462110336,-0.8903906375174867,2.5198121265796494,2.5151260819246737,-3.175608248044611,2.067821715830791,2.9452394658982928
0.15625,0.26953125,0.15625,0.26953125,0.103515625,-0.08203125,0.103515625,-0.08203125,2.649350461751493,3.1851309095904807,0.5194191354591917,-1.1840418771190613,-0.1921080850622631,2.5120883626403936,3.32728479255075,0.28404562735905564,-1.4441969636235634,0.5856956533619818
0.130859375,0.134765625,0.130859375,0.134765625,-0.095703125,-0.009765625,-0.095703125,-0.009765625,3.158695243592149,2.8499946495069937,-2.1372438727056835,0.24189110646670048,3.152278768629579,2.463142326914183,2.088868240797819,-2.238294511645026,-0.913294974456965,4.368002052303944
-0.09765625,0.123046875,-0.09765625,0.123046875,0.203125,-0.107421875,0.203125,-0.107421875,2.8600901447070135,2.9405460676270856,2.07832733867555,-3.8753550110416124,-0.7615615189813493,2.708504695915706,2.0636039357129983,3.1270979926578653,-2.3163276971725097,-3.545430419831829
0.1328125,0.171875,0.1328125,0.171875,-0.0859375,-0.171875,-0.0859375,-0.171875,3.015041579759034,3.5193458534794586,0.8840331865440617,0.3240882795476712,1.7875029202502204,2.474705597623971,3.334637984722146,0.44047962026719906,0.05679672551574136,2.3112362222089553
