X_0_0,X_0_1,X_0_2,X_0_3,Y_0_0,Y_0_1,Y_0_2,Y_0_3,decay_0,decay_1,W_0,W_1,J_0,guessed_decay_0,guessed_decay_1,guessed_decay_2,guessed_decay_3,guessed_decay_4,guessed_decay_5,guessed_decay_6,guessed_decay_7,guessed_decay_8,guessed_decay_9,guessed_W_0,guessed_W_1,guessed_W_2,guessed_W_3,guessed_W_4,guessed_W_5,guessed_W_6,guessed_W_7,guessed_W_8,guessed_W_9,guessed_J_0,guessed_J_1,guessed_J_2,guessed_J_3,guessed_J_4,guessed_J_5,guessed_J_6,guessed_J_7,guessed_J_8,guessed_J_9
0.134765625,0.109375,0.134765625,0.109375,0.2109375,0.18359375,0.2109375,0.18359375,3.226990420039809,2.7699253192391824,-2.305052103119219,-1.5122911072803673,-0.46145506797828173,3.156057756642584,2.8201831498219896,-2.0602012808493644,-1.9966584782311096,-0.00011512215324554707
0.185546875,-0.0078125,0.185546875,-0.0078125,-0.134765625,0.2421875,-0.134765625,0.2421875,3.0021901404601867,2.9965476390718213,-2.422623841148174,1.810465830521187,-0.8619776402168504,2.361373170368139,2.471062215986074,-1.8376209792258729,2.5808613772129667,-2.6469815722708536
0.19921875,0.11328125,0.19921875,0.11328125,0.08203125,0.2109375,0.08203125,0.2109375,2.6794342242345626,3.1126836217216685,-1.685065135790106,-0.38425246444453526,-0.2034299305872656,2.378258497842167,2.5895025466094057,-0.8481944865165575,0.5169876921996609,-2.6640831320391314
0.27734375,-0.140625,0.27734375,-0.140625,0.017578125,-0.146484375,0.017578125,-0.146484375,2.9655855501270976,2.800185609856634,3.8895071049318584,-0.44315876528776654,0.9969560021588946,3.213961297139579,2.574362304280284,4.642267513539403,-0.13694610744688052,-4.8670405243154226e-05
0.02734375,-0.1953125,0.02734375,-0.1953125,0.1953125,0.20703125,0.1953125,0.20703125,2.6930827181032155,3.1092324693435582,-3.928637142218092,-1.8968029546125782,-1.7537273978649393,1.630661060447757,2.375721830377074,-2.959102387646215,-0.9000210926646324,-3.4894327239580054
