X_0_0,X_0_1,X_0_2,X_0_3,Y_0_0,Y_0_1,Y_0_2,Y_0_3,decay_0,decay_1,W_0,W_1,J_0,guessed_decay_0,guessed_decay_1,guessed_W_0,guessed_W_1,guessed_J_0
0.169921875,0.259765625,0.169921875,0.259765625,-0.08984375,-0.064453125,-0.08984375,-0.064453125,3.097527095526924,3.2003393455180236,-0.04983708945127806,0.7307469446958975,0.9082789817031087,2.661865815784716,3.349227560522215,0.49831595293120745,1.0062778634326666,6.14460516294718e-06
-0.041015625,0.001953125,-0.041015625,0.001953125,-0.03125,-0.09765625,-0.03125,-0.09765625,3.1354294565930867,3.179799457773939,1.0180308415524828,2.4769499307067724,4.002868006578202,5.724796808356367e-17,1.5395935095648319,-0.08522188804415208,3.1023579779822024,5.895487908986872
0.240234375,0.08984375,0.240234375,0.08984375,0.052734375,-0.228515625,0.052734375,-0.228515625,3.1038721478984095,3.266179332487789,2.061158978741572,-0.6341086208948854,0.006549334762727939,2.837641295806918,2.8328216083747404,2.4656392863787833,-0.43049600387859527,-6.421613832003748e-05
0.271484375,0.083984375,0.271484375,0.083984375,-0.029296875,0.158203125,-0.029296875,0.158203125,3.1541171026277204,2.6756550796942173,-0.546631418811635,1.9395669608674517,-2.430004819419764,3.4487107638149053,2.600203007066395,-2.208060948567457,0.25039761695898094,5.112584501025743e-05
0.17578125,0.22265625,0.17578125,0.22265625,0.052734375,0.048828125,0.052734375,0.048828125,2.8096471856472993,3.2984601828396123,-0.2982323498814133,-0.7886257611151095,0.24040262921329755,2.3582711988352516,2.791850741305071,-1.9131604798253499,-2.0659854932221933,2.9438990560768628
