X_0_0,X_0_1,X_0_2,X_0_3,Y_0_0,Y_0_1,Y_0_2,Y_0_3,decay_0,decay_1,W_0,W_1,J_0,guessed_decay_0,guessed_decay_1,guessed_W_0,guessed_W_1,guessed_J_0
0.142578125,0.240234375,0.142578125,0.240234375,0.203125,0.009765625,0.203125,0.009765625,3.0973535561623993,3.0155262896476027,0.2276916020558946,-1.707103590938497,-1.386141927405471,2.584966376532025,2.521245037629973,0.8885772207694558,-0.9133669357474591,-2.0177553610883123
0.220703125,0.11328125,0.220703125,0.11328125,0.07421875,0.1484375,0.07421875,0.1484375,2.8971278407204326,2.89884619947891,-1.46725629546469,0.3562584768385155,-1.5910040811180086,2.695846856168586,2.2543355660464406,-0.33409147491659713,0.855829759434279,-3.0755726128813454
0.189453125,0.1640625,0.189453125,0.1640625,-0.04296875,0.126953125,-0.04296875,0.126953125,2.9212298909714827,3.2701964674712256,-1.2682009724299232,-0.15144171833951622,-0.46201908954679494,2.840713979146654,2.973864417335986,-0.28450353175548065,1.620942767416963,-2.155271746790345
0.16796875,-0.09765625,0.16796875,-0.09765625,-0.11328125,-0.232421875,-0.11328125,-0.232421875,2.59462990288005,2.7504912398691954,4.7548925781071985,1.6860046268764315,-1.4156331639284296,1.9475247994079092,2.3849674680074773,2.1794294498464915,-0.4125517421651589,3.362191361652781
0.26953125,0.19921875,0.26953125,0.19921875,-0.06640625,-0.099609375,-0.06640625,-0.099609375,3.0220940615738465,2.670420060506834,1.0834226322985987,0.48831917783835255,-0.6559493467666637,2.6693554624505706,2.2290362441008984,-0.21688519086178099,-0.6638388939926149,2.248894331430191
